record_key,doi,decision,reviewed_at,review_refresh_id,review_notes
doi:10.1002/ieam.1633,10.1002/ieam.1633,keep,2026-06-15 17:32:57,2026-06-15,NA
doi:10.1007/s00338-024-02486-9,10.1007/s00338-024-02486-9,keep,2026-06-15 17:33:27,2026-06-15,NA
doi:10.1029/2025jg009515,10.1029/2025JG009515,keep,2026-06-15 17:33:54,2026-06-15,NA
doi:10.1080/00288306.1965.10423195,10.1080/00288306.1965.10423195,keep,2026-06-15 17:38:14,2026-06-15,NA
doi:10.1002/esp.1579,10.1002/esp.1579,keep,2026-06-15 17:38:26,2026-06-15,NA
doi:10.1002/esp.1888,10.1002/esp.1888,keep,2026-06-15 17:38:46,2026-06-15,NA
doi:10.1002/hyp.7703,10.1002/hyp.7703,keep,2026-06-15 17:39:10,2026-06-15,NA
doi:10.1002/ird.678,10.1002/ird.678,keep,2026-06-15 17:39:21,2026-06-15,NA
doi:10.1002/j.1551-8833.2008.tb08128.x,10.1002/j.1551-8833.2008.tb08128.x,keep,2026-06-15 17:40:12,2026-06-15,NA
doi:10.1002/jsl.3000060405,10.1002/jsl.3000060405,keep,2026-06-15 17:40:23,2026-06-15,NA
doi:10.1002/jwmg.187,10.1002/jwmg.187,keep,2026-06-15 17:40:43,2026-06-15,NA
doi:10.1002/ldr.814,10.1002/ldr.814,keep,2026-06-15 17:41:00,2026-06-15,NA
doi:10.1002/vzj2.70115,10.1002/vzj2.70115,keep,2026-06-15 17:41:19,2026-06-15,NA
doi:10.1007/bf00477254,10.1007/BF00477254,keep,2026-06-15 17:41:38,2026-06-15,NA
doi:10.1007/bf01985483,10.1007/BF01985483,keep,2026-06-15 17:41:55,2026-06-15,NA
doi:10.1007/bf02346960,10.1007/BF02346960,keep,2026-06-15 17:42:05,2026-06-15,NA
doi:10.1007/bf02732915,10.1007/BF02732915,keep,2026-06-15 17:42:18,2026-06-15,NA
doi:10.1007/bf02782969,10.1007/BF02782969,keep,2026-06-15 17:42:26,2026-06-15,NA
doi:10.1007/s00027-005-0798-x,10.1007/s00027-005-0798-x,drop,2026-06-15 17:43:31,2026-06-15,NA
doi:10.1007/s00267-013-0063-3,10.1007/s00267-013-0063-3,keep,2026-06-15 17:43:49,2026-06-15,NA
doi:10.1007/s00382-010-0961-5,10.1007/s00382-010-0961-5,keep,2026-06-15 17:44:06,2026-06-15,NA
doi:10.1007/s10452-007-9102-6,10.1007/s10452-007-9102-6,keep,2026-06-15 17:44:18,2026-06-15,NA
doi:10.1007/s10452-009-9295-y,10.1007/s10452-009-9295-y,keep,2026-06-15 17:44:37,2026-06-15,NA
doi:10.1007/s10584-007-9353-1,10.1007/s10584-007-9353-1,keep,2026-06-15 17:45:10,2026-06-15,NA
doi:10.1007/s10584-007-9388-3,10.1007/s10584-007-9388-3,keep,2026-06-15 17:45:23,2026-06-15,NA
doi:10.1007/s10592-006-9157-2,10.1007/s10592-006-9157-2,keep,2026-06-15 17:45:40,2026-06-15,NA
doi:10.1007/s10641-008-9376-0,10.1007/s10641-008-9376-0,keep,2026-06-15 17:45:49,2026-06-15,NA
doi:10.1007/s10641-010-9672-3,10.1007/s10641-010-9672-3,keep,2026-06-15 17:46:01,2026-06-15,NA
doi:10.1007/s10641-010-9701-2,10.1007/s10641-010-9701-2,keep,2026-06-15 17:46:54,2026-06-15,NA
doi:10.1007/s10641-010-9714-x,10.1007/s10641-010-9714-x,drop,2026-06-15 17:47:08,2026-06-15,NA
doi:10.1007/s10641-010-9716-8,10.1007/s10641-010-9716-8,keep,2026-06-15 17:47:57,2026-06-15,NA
doi:10.1007/s10641-021-01119-2,10.1007/s10641-021-01119-2,keep,2026-06-15 17:48:13,2026-06-15,NA
doi:10.1007/s10750-004-4670-0,10.1007/s10750-004-4670-0,keep,2026-06-15 17:48:26,2026-06-15,NA
doi:10.1007/s10750-006-0273-2,10.1007/s10750-006-0273-2,keep,2026-06-15 17:48:46,2026-06-15,NA
doi:10.1007/s10750-007-9159-1,10.1007/s10750-007-9159-1,keep,2026-06-15 17:49:05,2026-06-15,NA
doi:10.1007/s10750-007-9239-2,10.1007/s10750-007-9239-2,keep,2026-06-15 17:49:16,2026-06-15,NA
doi:10.1007/s10750-009-9999-y,10.1007/s10750-009-9999-y,keep,2026-06-15 17:49:31,2026-06-15,NA
doi:10.1007/s10764-009-9342-5,10.1007/s10764-009-9342-5,drop,2026-06-15 17:49:42,2026-06-15,NA
doi:10.1007/s12237-018-0417-4,10.1007/s12237-018-0417-4,keep,2026-06-15 17:51:27,2026-06-15,NA
doi:10.1016/0011-9164(87)80023-1,10.1016/0011-9164(87)80023-1,keep,2026-06-15 17:51:28,2026-06-15,NA
doi:10.1016/0011-9164(90)80029-b,10.1016/0011-9164(90)80029-B,keep,2026-06-15 17:51:30,2026-06-15,NA
doi:10.1016/0011-9164(92)80122-p,10.1016/0011-9164(92)80122-P,keep,2026-06-15 17:51:31,2026-06-15,NA
doi:10.1016/0011-9164(92)80139-z,10.1016/0011-9164(92)80139-Z,keep,2026-06-15 17:51:32,2026-06-15,NA
doi:10.1016/0043-1354(75)90079-2,10.1016/0043-1354(75)90079-2,keep,2026-06-15 17:51:33,2026-06-15,NA
doi:10.1016/0378-3774(81)90054-8,10.1016/0378-3774(81)90054-8,keep,2026-06-15 17:51:33,2026-06-15,NA
doi:10.1016/s0011-9164(00)86035-x,10.1016/S0011-9164(00)86035-X,keep,2026-06-15 17:51:35,2026-06-15,NA
doi:10.1016/s0011-9164(00)88025-x,10.1016/S0011-9164(00)88025-X,keep,2026-06-15 17:51:48,2026-06-15,NA
doi:10.1016/s0022-1694(01)00416-4,10.1016/S0022-1694(01)00416-4,keep,2026-06-15 17:52:00,2026-06-15,NA
doi:10.1016/s0043-1354(02)00007-6,10.1016/S0043-1354(02)00007-6,keep,2026-06-15 17:52:13,2026-06-15,NA
doi:10.1016/j.apgeochem.2010.04.017,10.1016/j.apgeochem.2010.04.017,keep,2026-06-15 17:52:26,2026-06-15,NA
doi:10.1016/j.biosystemseng.2011.06.002,10.1016/j.biosystemseng.2011.06.002,keep,2026-06-15 17:52:37,2026-06-15,NA
doi:10.1016/j.chemosphere.2005.06.039,10.1016/j.chemosphere.2005.06.039,keep,2026-06-15 17:52:51,2026-06-15,NA
doi:10.1016/j.desal.2010.05.031,10.1016/j.desal.2010.05.031,keep,2026-06-15 17:53:05,2026-06-15,NA
doi:10.1016/j.ejrh.2020.100727,10.1016/j.ejrh.2020.100727,drop,2026-06-15 17:53:16,2026-06-15,NA
doi:10.1016/j.envsoft.2004.08.014,10.1016/j.envsoft.2004.08.014,keep,2026-06-15 17:53:29,2026-06-15,NA
doi:10.1016/j.jhydrol.2026.135008,10.1016/j.jhydrol.2026.135008,keep,2026-06-15 17:53:48,2026-06-15,NA
doi:10.1016/j.quaint.2007.06.006,10.1016/j.quaint.2007.06.006,keep,2026-06-15 17:54:45,2026-06-15,NA
doi:10.1016/j.rse.2022.113443,10.1016/j.rse.2022.113443,keep,2026-06-15 17:54:56,2026-06-15,NA
doi:10.1017/s0959270905000067,10.1017/S0959270905000067,keep,2026-06-15 17:55:04,2026-06-15,NA
doi:10.1017/inp.2021.23,10.1017/inp.2021.23,keep,2026-06-15 17:55:20,2026-06-15,NA
doi:10.1029/2008wr006941,10.1029/2008WR006941,keep,2026-06-15 17:55:36,2026-06-15,NA
doi:10.1029/2009jf001347,10.1029/2009JF001347,keep,2026-06-15 17:56:02,2026-06-15,NA
doi:10.1029/2024wr038149,10.1029/2024WR038149,keep,2026-06-15 17:56:41,2026-06-15,NA
doi:10.1039/b912098j,10.1039/b912098j,keep,2026-06-15 17:56:54,2026-06-15,NA
doi:10.1061/(asce)1090-0241(2009)135:4(525),10.1061/(ASCE)1090-0241(2009)135:4(525),keep,2026-06-15 17:57:16,2026-06-15,NA
doi:10.1061/(asce)he.1943-5584.0000017,10.1061/(ASCE)HE.1943-5584.0000017,keep,2026-06-15 17:57:26,2026-06-15,NA
doi:10.1080/00139150309604521,10.1080/00139150309604521,unsure,2026-06-15 17:58:55,2026-06-15,NA
doi:10.1080/00288306.1965.10423196,10.1080/00288306.1965.10423196,keep,2026-06-15 17:59:07,2026-06-15,NA
doi:10.1080/09064710127622,10.1080/09064710127622,drop,2026-06-15 17:59:30,2026-06-15,NA
doi:10.1080/10286600802003500,10.1080/10286600802003500,keep,2026-06-15 17:59:53,2026-06-15,NA
doi:10.1097/01.ss.0000190512.41298.fc,10.1097/01.ss.0000190512.41298.fc,drop,2026-06-15 18:00:07,2026-06-15,NA
doi:10.1109/tdei.2002.1024435,10.1109/TDEI.2002.1024435,drop,2026-06-15 18:00:53,2026-06-15,NA
doi:10.1111/j.1439-0426.2010.01650.x,10.1111/j.1439-0426.2010.01650.x,keep,2026-06-15 18:01:40,2026-06-15,NA
doi:10.1111/j.1744-7429.2008.00486.x,10.1111/j.1744-7429.2008.00486.x,drop,2026-06-15 18:02:03,2026-06-15,NA
doi:10.1111/j.1745-6584.1974.tb02996.x,10.1111/j.1745-6584.1974.tb02996.x,keep,2026-06-15 18:02:21,2026-06-15,NA
doi:10.1111/j.1745-6584.1974.tb03007.x,10.1111/j.1745-6584.1974.tb03007.x,keep,2026-06-15 18:02:31,2026-06-15,NA
doi:10.1111/j.1745-6584.1974.tb03018.x,10.1111/j.1745-6584.1974.tb03018.x,keep,2026-06-15 18:02:39,2026-06-15,NA
doi:10.1111/j.1745-6584.1974.tb03021.x,10.1111/j.1745-6584.1974.tb03021.x,keep,2026-06-15 18:02:49,2026-06-15,NA
doi:10.1111/j.1745-6584.1974.tb03028.x,10.1111/j.1745-6584.1974.tb03028.x,keep,2026-06-15 18:03:01,2026-06-15,NA
doi:10.1111/j.1745-6584.1980.tb03394.x,10.1111/j.1745-6584.1980.tb03394.x,keep,2026-06-15 18:03:11,2026-06-15,NA
doi:10.1111/j.1745-6584.1980.tb03396.x,10.1111/j.1745-6584.1980.tb03396.x,keep,2026-06-15 18:04:01,2026-06-15,NA
doi:10.1111/j.1745-6584.1981.tb03436.x,10.1111/j.1745-6584.1981.tb03436.x,keep,2026-06-15 18:04:02,2026-06-15,NA
doi:10.1111/j.1752-1688.1972.tb05107.x,10.1111/j.1752-1688.1972.tb05107.x,keep,2026-06-15 18:04:10,2026-06-15,NA
doi:10.1111/j.1752-1688.1972.tb05108.x,10.1111/j.1752-1688.1972.tb05108.x,keep,2026-06-15 18:04:30,2026-06-15,NA
doi:10.1111/j.1752-1688.1984.tb04730.x,10.1111/j.1752-1688.1984.tb04730.x,keep,2026-06-15 18:06:03,2026-06-15,NA
doi:10.1111/j.1752-1688.1985.tb05353.x,10.1111/j.1752-1688.1985.tb05353.x,keep,2026-06-15 18:06:17,2026-06-15,NA
doi:10.1111/j.1755-0998.2011.03011.x,10.1111/j.1755-0998.2011.03011.x,keep,2026-06-15 18:06:29,2026-06-15,NA
doi:10.1130/0-8137-2338-8.333,10.1130/0-8137-2338-8.333,drop,2026-06-15 18:06:46,2026-06-15,NA
doi:10.1139/f07-048,10.1139/F07-048,keep,2026-06-15 18:07:07,2026-06-15,NA
doi:10.1177/14696053251337116,10.1177/14696053251337116,drop,2026-06-15 18:07:33,2026-06-15,NA
doi:10.1186/2193-1801-2-491,10.1186/2193-1801-2-491,keep,2026-06-15 18:07:53,2026-06-15,NA
doi:10.1193/1.1586191,10.1193/1.1586191,keep,2026-06-15 18:08:17,2026-06-15,NA
doi:10.1525/cond.2009.090004,10.1525/cond.2009.090004,drop,2026-06-15 18:08:33,2026-06-15,NA
doi:10.15447/sfews.2020v18iss3art6,10.15447/SFEWS.2020V18ISS3ART6,keep,2026-06-15 18:09:11,2026-06-15,NA
doi:10.1577/1548-8446(2001)026<0006:cyb>2.0.co;2,10.1577/1548-8446(2001)026<0006:CYB>2.0.CO;2,keep,2026-06-15 18:09:36,2026-06-15,NA
doi:10.1577/1548-8446(2007)32[270:tcopfi]2.0.co;2,10.1577/1548-8446(2007)32[270:TCOPFI]2.0.CO;2,keep,2026-06-15 18:10:27,2026-06-15,NA
doi:10.1577/1548-8446(2007)32[441:csanso]2.0.co;2,10.1577/1548-8446(2007)32[441:CSANSO]2.0.CO;2,unsure,2026-06-15 18:10:44,2026-06-15,NA
doi:10.1577/1548-8659(1997)126<0961:rosits>2.3.co;2,10.1577/1548-8659(1997)126<0961:ROSITS>2.3.CO;2,keep,2026-06-15 18:10:54,2026-06-15,NA
doi:10.1577/1548-8659(2002)131<0797:naafia>2.0.co;2,10.1577/1548-8659(2002)131<0797:NAAFIA>2.0.CO;2,keep,2026-06-15 18:11:04,2026-06-15,NA
doi:10.1577/1548-8659(2002)131<0966:sarosi>2.0.co;2,10.1577/1548-8659(2002)131<0966:SAROSI>2.0.CO;2,keep,2026-06-15 18:11:18,2026-06-15,NA
doi:10.1577/1548-8675(2000)020<0784:stptso>2.3.co;2,10.1577/1548-8675(2000)020<0784:STPTSO>2.3.CO;2,keep,2026-06-15 18:11:28,2026-06-15,NA
doi:10.1577/1548-8675(2002)022<1241:spapsr>2.0.co;2,10.1577/1548-8675(2002)022<1241:SPAPSR>2.0.CO;2,drop,2026-06-15 18:11:45,2026-06-15,NA
doi:10.1577/c08-013.1,10.1577/C08-013.1,drop,2026-06-15 18:12:02,2026-06-15,NA
doi:10.1577/m04-208.1,10.1577/M04-208.1,keep,2026-06-15 18:12:18,2026-06-15,NA
doi:10.1577/m05-113.1,10.1577/M05-113.1,keep,2026-06-15 18:12:30,2026-06-15,NA
doi:10.1577/m08-062.1,10.1577/M08-062.1,keep,2026-06-15 18:12:55,2026-06-15,NA
doi:10.1577/t06-044.1,10.1577/T06-044.1,keep,2026-06-15 18:13:13,2026-06-15,NA
doi:10.1577/t06-048.1,10.1577/T06-048.1,keep,2026-06-15 19:20:26,2026-06-15,NA
doi:10.1577/t06-064.1,10.1577/T06-064.1,keep,2026-06-15 19:21:01,2026-06-15,NA
doi:10.1577/t06-253.1,10.1577/T06-253.1,keep,2026-06-15 19:21:23,2026-06-15,NA
doi:10.1577/t07-097.1,10.1577/T07-097.1,keep,2026-06-15 19:21:37,2026-06-15,NA
doi:10.1577/t08-112.1,10.1577/T08-112.1,keep,2026-06-15 19:21:49,2026-06-15,NA
doi:10.2134/jeq2004.0394,10.2134/jeq2004.0394,keep,2026-06-15 19:22:05,2026-06-15,NA
doi:10.2307/1352781,10.2307/1352781,keep,2026-06-15 19:22:15,2026-06-15,NA
doi:10.3354/ame01320,10.3354/ame01320,keep,2026-06-15 19:23:11,2026-06-15,NA
doi:10.3390/urbansci9020028,10.3390/urbansci9020028,keep,2026-06-15 19:23:22,2026-06-15,NA
doi:10.3398/1527-0904(2006)66[106:aospbi]2.0.co;2,10.3398/1527-0904(2006)66[106:AOSPBI]2.0.CO;2,keep,2026-06-15 19:23:33,2026-06-15,NA
doi:10.4319/lo.1962.7.1.0014,10.4319/lo.1962.7.1.0014,keep,2026-06-15 19:23:43,2026-06-15,NA
doi:10.1111/1755-0998.13777,10.1111/1755-0998.13777,keep,2026-06-15 19:24:14,2026-06-15,NA
doi:10.1111/eva.13705,10.1111/eva.13705,keep,2026-06-15 19:26:01,2026-06-15,NA
doi:10.1139/cjfas-2019-0171,10.1139/cjfas-2019-0171,keep,2026-06-15 19:26:19,2026-06-15,NA
doi:10.1371/journal.pone.0203953,10.1371/journal.pone.0203953,keep,2026-06-15 19:26:39,2026-06-15,NA
doi:10.3389/fmicb.2021.632264,10.3389/fmicb.2021.632264,keep,2026-06-15 19:26:51,2026-06-15,NA
doi:10.1002/2014jd022414,10.1002/2014JD022414,keep,2026-06-15 19:27:10,2026-06-15,NA
doi:10.1002/2016wr020133,10.1002/2016WR020133,keep,2026-06-15 19:27:34,2026-06-15,NA
doi:10.1002/aff2.91,10.1002/aff2.91,keep,2026-06-15 19:27:50,2026-06-15,NA
doi:10.1002/awwa.2011,10.1002/awwa.2011,keep,2026-06-15 19:30:13,2026-06-15,NA
doi:10.1002/dep2.71,10.1002/dep2.71,drop,2026-06-15 19:30:35,2026-06-15,NA
doi:10.1002/eap.2243,10.1002/eap.2243,keep,2026-06-15 19:30:59,2026-06-15,NA
doi:10.1002/eap.70110,10.1002/eap.70110,keep,2026-06-15 19:31:18,2026-06-15,NA
doi:10.1002/eap.70146,10.1002/eap.70146,keep,2026-06-15 19:32:01,2026-06-15,NA
doi:10.1002/ece3.5146,10.1002/ece3.5146,keep,2026-06-15 19:32:22,2026-06-15,NA
doi:10.1002/ece3.6078,10.1002/ece3.6078,keep,2026-06-15 19:32:44,2026-06-15,NA
doi:10.1002/ece3.7245,10.1002/ece3.7245,keep,2026-06-15 19:33:00,2026-06-15,NA
doi:10.1002/ece3.7561,10.1002/ece3.7561,keep,2026-06-15 19:33:15,2026-06-15,NA
doi:10.1002/ecm.1567,10.1002/ecm.1567,keep,2026-06-15 19:33:36,2026-06-15,NA
doi:10.1002/ecy.3854,10.1002/ecy.3854,keep,2026-06-15 19:33:51,2026-06-15,NA
doi:10.1002/ecy.4274,10.1002/ecy.4274,keep,2026-06-15 19:34:11,2026-06-15,NA
doi:10.1002/edn3.226,10.1002/edn3.226,drop,2026-06-15 19:34:36,2026-06-15,NA
doi:10.1002/edn3.432,10.1002/edn3.432,keep,2026-06-15 19:35:21,2026-06-15,NA
doi:10.1002/edn3.506,10.1002/edn3.506,keep,2026-06-15 19:35:38,2026-06-15,NA
doi:10.1002/edn3.560,10.1002/edn3.560,keep,2026-06-15 19:36:01,2026-06-15,NA
doi:10.1002/etc.4659,10.1002/etc.4659,keep,2026-06-15 19:36:17,2026-06-15,NA
doi:10.1002/hyp.13253,10.1002/hyp.13253,keep,2026-06-15 19:36:37,2026-06-15,NA
doi:10.1002/hyp.15314,10.1002/hyp.15314,keep,2026-06-15 19:36:54,2026-06-15,NA
doi:10.1002/hyp.9535,10.1002/hyp.9535,keep,2026-06-15 19:37:08,2026-06-15,NA
doi:10.1002/hyp.9536,10.1002/hyp.9536,keep,2026-06-15 19:37:22,2026-06-15,NA
doi:10.1002/hyp.9821,10.1002/hyp.9821,keep,2026-06-15 19:37:48,2026-06-15,NA
doi:10.1002/hyp.9878,10.1002/hyp.9878,keep,2026-06-15 19:37:59,2026-06-15,NA
doi:10.1002/jat.4599,10.1002/jat.4599,keep,2026-06-15 19:38:27,2026-06-15,NA
doi:10.1002/jwmg.21421,10.1002/jwmg.21421,keep,2026-06-15 19:38:51,2026-06-15,NA
doi:10.1002/jwmg.21444,10.1002/jwmg.21444,keep,2026-06-15 19:39:09,2026-06-15,NA
doi:10.1002/jwmg.22314,10.1002/jwmg.22314,keep,2026-06-15 19:39:23,2026-06-15,NA
doi:10.1002/lno.11162,10.1002/lno.11162,keep,2026-06-15 19:40:00,2026-06-15,NA
doi:10.1002/nafm.10201,10.1002/nafm.10201,keep,2026-06-15 19:40:18,2026-06-15,NA
doi:10.1002/nafm.10529,10.1002/nafm.10529,keep,2026-06-15 19:40:44,2026-06-15,NA
doi:10.1002/nafm.10582,10.1002/nafm.10582,keep,2026-06-15 19:41:04,2026-06-15,NA
doi:10.1002/rcm.8464,10.1002/rcm.8464,keep,2026-06-15 19:41:36,2026-06-15,NA
doi:10.1002/tafs.10028,10.1002/tafs.10028,keep,2026-06-15 19:41:54,2026-06-15,NA
doi:10.1002/tafs.10454,10.1002/tafs.10454,keep,2026-06-15 19:42:10,2026-06-15,NA
doi:10.1002/vzj2.20369,10.1002/vzj2.20369,keep,2026-06-15 19:42:38,2026-06-15,NA
doi:10.1002/vzj2.70030,10.1002/vzj2.70030,keep,2026-06-15 19:43:47,2026-06-15,NA
doi:10.1002/wat2.70005,10.1002/wat2.70005,keep,2026-06-15 19:44:02,2026-06-15,NA
doi:10.1007/s00267-025-02362-4,10.1007/s00267-025-02362-4,drop,2026-06-15 19:44:22,2026-06-15,NA
doi:10.1007/s00271-014-0445-1,10.1007/s00271-014-0445-1,keep,2026-06-15 19:45:29,2026-06-15,NA
doi:10.1007/s00300-021-02923-3,10.1007/s00300-021-02923-3,keep,2026-06-15 19:45:50,2026-06-15,NA
doi:10.1007/s00382-022-06422-x,10.1007/s00382-022-06422-x,keep,2026-06-15 19:46:12,2026-06-15,NA
doi:10.1007/s10040-015-1283-9,10.1007/s10040-015-1283-9,keep,2026-06-15 19:46:35,2026-06-15,NA
doi:10.1007/s10236-019-01333-8,10.1007/s10236-019-01333-8,keep,2026-06-15 19:46:46,2026-06-15,NA
doi:10.1007/s10530-019-02061-2,10.1007/s10530-019-02061-2,keep,2026-06-15 19:47:05,2026-06-15,NA
doi:10.1007/s10530-023-03013-7,10.1007/s10530-023-03013-7,keep,2026-06-15 19:47:21,2026-06-15,NA
doi:10.1007/s10530-025-03751-w,10.1007/s10530-025-03751-w,keep,2026-06-15 19:47:41,2026-06-15,NA
doi:10.1007/s10584-012-0639-6,10.1007/s10584-012-0639-6,keep,2026-06-15 19:47:59,2026-06-15,NA
doi:10.1007/s10584-020-02655-z,10.1007/s10584-020-02655-z,keep,2026-06-15 19:48:12,2026-06-15,NA
doi:10.1007/s10584-021-03057-5,10.1007/s10584-021-03057-5,keep,2026-06-15 19:48:29,2026-06-15,NA
doi:10.1007/s10584-021-03305-8,10.1007/s10584-021-03305-8,keep,2026-06-15 19:48:44,2026-06-15,NA
doi:10.1007/s10592-014-0665-1,10.1007/s10592-014-0665-1,drop,2026-06-15 19:49:07,2026-06-15,NA
doi:10.1007/s10592-018-1048-9,10.1007/s10592-018-1048-9,keep,2026-06-15 19:49:21,2026-06-15,NA
doi:10.1007/s10641-012-0077-3,10.1007/s10641-012-0077-3,keep,2026-06-15 19:49:32,2026-06-15,NA
doi:10.1007/s10641-013-0125-7,10.1007/s10641-013-0125-7,keep,2026-06-15 19:49:53,2026-06-15,NA
doi:10.1007/s10641-017-0631-0,10.1007/s10641-017-0631-0,keep,2026-06-15 19:50:08,2026-06-15,NA
doi:10.1007/s10641-020-00974-9,10.1007/s10641-020-00974-9,keep,2026-06-15 19:50:28,2026-06-15,NA
doi:10.1007/s10641-022-01273-1,10.1007/s10641-022-01273-1,keep,2026-06-15 19:50:40,2026-06-15,NA
doi:10.1007/s10661-023-12189-3,10.1007/s10661-023-12189-3,keep,2026-06-15 19:50:57,2026-06-15,NA
doi:10.1007/s10750-013-1612-8,10.1007/s10750-013-1612-8,keep,2026-06-15 19:52:00,2026-06-15,NA
doi:10.1007/s10750-021-04738-z,10.1007/s10750-021-04738-z,keep,2026-06-15 19:52:21,2026-06-15,NA
doi:10.1007/s10750-022-04886-w,10.1007/s10750-022-04886-w,keep,2026-06-15 19:52:44,2026-06-15,NA
doi:10.1007/s11160-014-9359-5,10.1007/s11160-014-9359-5,keep,2026-06-15 19:53:01,2026-06-15,NA
doi:10.1007/s11269-015-1176-7,10.1007/s11269-015-1176-7,keep,2026-06-15 19:53:15,2026-06-15,NA
doi:10.1007/s11269-016-1454-z,10.1007/s11269-016-1454-z,keep,2026-06-15 19:53:37,2026-06-15,NA
doi:10.1007/s11273-017-9534-2,10.1007/s11273-017-9534-2,keep,2026-06-15 19:53:56,2026-06-15,NA
doi:10.1007/s11869-025-01871-9,10.1007/s11869-025-01871-9,keep,2026-06-15 19:54:10,2026-06-15,NA
doi:10.1007/s12237-011-9459-6,10.1007/s12237-011-9459-6,keep,2026-06-15 19:54:36,2026-06-15,NA
doi:10.1007/s12237-014-9811-8,10.1007/s12237-014-9811-8,keep,2026-06-15 19:54:52,2026-06-15,NA
doi:10.1007/s12237-015-9987-6,10.1007/s12237-015-9987-6,keep,2026-06-15 19:55:02,2026-06-15,NA
doi:10.1007/s12237-020-00836-8,10.1007/s12237-020-00836-8,keep,2026-06-15 19:55:21,2026-06-15,NA
doi:10.1007/s12237-021-00896-4,10.1007/s12237-021-00896-4,keep,2026-06-15 19:55:36,2026-06-15,NA
doi:10.1007/s12237-022-01079-5,10.1007/s12237-022-01079-5,keep,2026-06-15 19:55:58,2026-06-15,NA
doi:10.1007/s12237-022-01080-y,10.1007/s12237-022-01080-y,keep,2026-06-15 19:56:41,2026-06-15,NA
doi:10.1007/s12237-022-01139-w,10.1007/s12237-022-01139-w,drop,2026-06-15 19:56:57,2026-06-15,NA
doi:10.1007/s12237-022-01142-1,10.1007/s12237-022-01142-1,keep,2026-06-15 19:57:12,2026-06-15,NA
doi:10.1007/s12237-023-01300-z,10.1007/s12237-023-01300-z,keep,2026-06-15 19:57:37,2026-06-15,NA
doi:10.1007/s12237-024-01351-w,10.1007/s12237-024-01351-w,keep,2026-06-15 19:58:13,2026-06-15,NA
doi:10.1007/s12237-025-01567-4,10.1007/s12237-025-01567-4,keep,2026-06-15 19:58:59,2026-06-15,NA
doi:10.1007/s12237-025-01611-3,10.1007/s12237-025-01611-3,drop,2026-06-15 19:59:14,2026-06-15,NA
doi:10.1007/s12237-025-01629-7,10.1007/s12237-025-01629-7,keep,2026-06-15 19:59:32,2026-06-15,NA
doi:10.1016/s2095-3119(12)60035-5,10.1016/S2095-3119(12)60035-5,keep,2026-06-15 19:59:45,2026-06-15,NA
doi:10.1016/s2095-3119(13)60742-x,10.1016/S2095-3119(13)60742-X,keep,2026-06-15 20:00:00,2026-06-15,NA
doi:10.1016/j.advwatres.2021.103907,10.1016/j.advwatres.2021.103907,keep,2026-06-15 20:00:13,2026-06-15,NA
doi:10.1016/j.agrformet.2018.07.004,10.1016/j.agrformet.2018.07.004,keep,2026-06-15 20:00:27,2026-06-15,NA
doi:10.1016/j.agwat.2024.108764,10.1016/j.agwat.2024.108764,keep,2026-06-15 20:00:41,2026-06-15,NA
doi:10.1016/j.anbehav.2020.04.013,10.1016/j.anbehav.2020.04.013,keep,2026-06-15 20:00:53,2026-06-15,NA
doi:10.1016/j.anbehav.2021.07.019,10.1016/j.anbehav.2021.07.019,keep,2026-06-15 20:01:09,2026-06-15,NA
doi:10.1016/j.aqrep.2024.102169,10.1016/j.aqrep.2024.102169,keep,2026-06-15 20:01:27,2026-06-15,NA
doi:10.1016/j.cageo.2012.06.004,10.1016/j.cageo.2012.06.004,keep,2026-06-15 20:01:41,2026-06-15,NA
doi:10.1016/j.cliser.2024.100485,10.1016/j.cliser.2024.100485,keep,2026-06-15 20:01:57,2026-06-15,NA
doi:10.1016/j.cliser.2024.100489,10.1016/j.cliser.2024.100489,keep,2026-06-15 20:02:11,2026-06-15,NA
doi:10.1016/j.crsus.2024.100082,10.1016/j.crsus.2024.100082,keep,2026-06-15 20:02:49,2026-06-15,NA
doi:10.1016/j.desal.2013.01.010,10.1016/j.desal.2013.01.010,keep,2026-06-15 20:03:02,2026-06-15,NA
doi:10.1016/j.ecolind.2025.113460,10.1016/j.ecolind.2025.113460,keep,2026-06-15 20:03:15,2026-06-15,NA
doi:10.1016/j.ecss.2022.107988,10.1016/j.ecss.2022.107988,keep,2026-06-15 20:03:23,2026-06-15,NA
doi:10.1016/j.ecss.2023.108391,10.1016/j.ecss.2023.108391,keep,2026-06-15 20:03:37,2026-06-15,NA
doi:10.1016/j.ejrh.2023.101601,10.1016/j.ejrh.2023.101601,keep,2026-06-15 20:04:00,2026-06-15,NA
doi:10.1016/j.ejrh.2025.102339,10.1016/j.ejrh.2025.102339,keep,2026-06-15 20:04:18,2026-06-15,NA
doi:10.1016/j.envpol.2020.115808,10.1016/j.envpol.2020.115808,keep,2026-06-15 20:04:28,2026-06-15,NA
doi:10.1016/j.envpol.2025.126731,10.1016/j.envpol.2025.126731,keep,2026-06-15 20:04:38,2026-06-15,NA
doi:10.1016/j.envsoft.2015.12.006,10.1016/j.envsoft.2015.12.006,keep,2026-06-15 20:04:51,2026-06-15,NA
doi:10.1016/j.gloenvcha.2020.102074,10.1016/j.gloenvcha.2020.102074,keep,2026-06-15 20:05:05,2026-06-15,NA
doi:10.1016/j.gloplacha.2013.07.004,10.1016/j.gloplacha.2013.07.004,keep,2026-06-15 20:05:14,2026-06-15,NA
doi:10.1016/j.gloplacha.2016.05.001,10.1016/j.gloplacha.2016.05.001,keep,2026-06-15 20:05:26,2026-06-15,NA
doi:10.1016/j.hal.2017.01.011,10.1016/j.hal.2017.01.011,keep,2026-06-15 20:05:55,2026-06-15,NA
doi:10.1016/j.hal.2024.102682,10.1016/j.hal.2024.102682,keep,2026-06-15 20:06:05,2026-06-15,NA
doi:10.1016/j.hal.2025.102807,10.1016/j.hal.2025.102807,keep,2026-06-15 20:06:18,2026-06-15,NA
doi:10.1016/j.jembe.2025.152107,10.1016/j.jembe.2025.152107,keep,2026-06-15 20:06:33,2026-06-15,NA
doi:10.1016/j.jenvman.2021.113170,10.1016/j.jenvman.2021.113170,keep,2026-06-15 20:06:52,2026-06-15,NA
doi:10.1016/j.jenvman.2023.119606,10.1016/j.jenvman.2023.119606,keep,2026-06-15 20:07:09,2026-06-15,NA
doi:10.1016/j.jenvman.2026.129539,10.1016/j.jenvman.2026.129539,keep,2026-06-15 20:07:32,2026-06-15,NA
doi:10.1016/j.jhydrol.2012.01.034,10.1016/j.jhydrol.2012.01.034,keep,2026-06-15 20:07:43,2026-06-15,NA
doi:10.1016/j.jhydrol.2014.07.008,10.1016/j.jhydrol.2014.07.008,keep,2026-06-15 20:07:55,2026-06-15,NA
doi:10.1016/j.jhydrol.2016.10.008,10.1016/j.jhydrol.2016.10.008,keep,2026-06-15 20:08:13,2026-06-15,NA
doi:10.1016/j.jhydrol.2021.126445,10.1016/j.jhydrol.2021.126445,keep,2026-06-15 20:08:29,2026-06-15,NA
doi:10.1016/j.jhydrol.2022.127999,10.1016/j.jhydrol.2022.127999,keep,2026-06-15 20:08:43,2026-06-15,NA
doi:10.1016/j.jhydrol.2022.128653,10.1016/j.jhydrol.2022.128653,keep,2026-06-15 20:08:55,2026-06-15,NA
doi:10.1016/j.jhydrol.2022.128835,10.1016/j.jhydrol.2022.128835,keep,2026-06-15 20:09:04,2026-06-15,NA
doi:10.1016/j.jhydrol.2023.130284,10.1016/j.jhydrol.2023.130284,keep,2026-06-15 20:09:22,2026-06-15,NA
doi:10.1016/j.jhydrol.2024.131132,10.1016/j.jhydrol.2024.131132,keep,2026-06-15 20:09:34,2026-06-15,NA
doi:10.1016/j.jhydrol.2025.133692,10.1016/j.jhydrol.2025.133692,keep,2026-06-15 20:09:47,2026-06-15,NA
doi:10.1016/j.jhydrol.2026.135467,10.1016/j.jhydrol.2026.135467,keep,2026-06-15 20:10:17,2026-06-15,NA
doi:10.1016/j.marpolbul.2024.116585,10.1016/j.marpolbul.2024.116585,keep,2026-06-15 20:10:30,2026-06-15,NA
doi:10.1016/j.pce.2022.103205,10.1016/j.pce.2022.103205,keep,2026-06-15 20:10:41,2026-06-15,NA
doi:10.1016/j.quaint.2019.12.003,10.1016/j.quaint.2019.12.003,keep,2026-06-15 20:10:49,2026-06-15,NA
doi:10.1016/j.rse.2016.04.012,10.1016/j.rse.2016.04.012,keep,2026-06-15 20:11:07,2026-06-15,NA
doi:10.1016/j.rse.2016.06.018,10.1016/j.rse.2016.06.018,keep,2026-06-15 20:11:22,2026-06-15,NA
doi:10.1016/j.rse.2021.112627,10.1016/j.rse.2021.112627,keep,2026-06-15 20:11:37,2026-06-15,NA
doi:10.1016/j.rse.2022.113344,10.1016/j.rse.2022.113344,keep,2026-06-15 20:11:56,2026-06-15,NA
doi:10.1016/j.scitotenv.2016.10.009,10.1016/j.scitotenv.2016.10.009,keep,2026-06-15 20:12:11,2026-06-15,NA
doi:10.1016/j.scitotenv.2017.07.267,10.1016/j.scitotenv.2017.07.267,keep,2026-06-15 20:12:31,2026-06-15,NA
doi:10.1016/j.scitotenv.2018.01.004,10.1016/j.scitotenv.2018.01.004,keep,2026-06-15 20:12:42,2026-06-15,NA
doi:10.1016/j.scitotenv.2018.02.267,10.1016/j.scitotenv.2018.02.267,keep,2026-06-15 20:12:55,2026-06-15,NA
doi:10.1016/j.scitotenv.2018.07.250,10.1016/j.scitotenv.2018.07.250,keep,2026-06-15 20:13:11,2026-06-15,NA
doi:10.1016/j.scitotenv.2019.05.255,10.1016/j.scitotenv.2019.05.255,keep,2026-06-15 20:13:27,2026-06-15,NA
doi:10.1016/j.scitotenv.2019.134639,10.1016/j.scitotenv.2019.134639,keep,2026-06-15 20:13:47,2026-06-15,NA
doi:10.1016/j.scitotenv.2020.140117,10.1016/j.scitotenv.2020.140117,keep,2026-06-15 20:14:05,2026-06-15,NA
doi:10.1016/j.scitotenv.2020.143429,10.1016/j.scitotenv.2020.143429,keep,2026-06-15 20:14:20,2026-06-15,NA
doi:10.1016/j.scitotenv.2023.165864,10.1016/j.scitotenv.2023.165864,keep,2026-06-15 20:14:36,2026-06-15,NA
doi:10.1016/j.scitotenv.2024.174250,10.1016/j.scitotenv.2024.174250,keep,2026-06-15 20:14:48,2026-06-15,NA
doi:10.1016/j.scitotenv.2024.177499,10.1016/j.scitotenv.2024.177499,keep,2026-06-15 20:15:01,2026-06-15,NA
doi:10.1016/j.scitotenv.2024.178138,10.1016/j.scitotenv.2024.178138,keep,2026-06-15 20:15:12,2026-06-15,NA
doi:10.1016/j.srs.2023.100105,10.1016/j.srs.2023.100105,keep,2026-06-15 20:15:40,2026-06-15,NA
doi:10.1016/j.wace.2022.100433,10.1016/j.wace.2022.100433,keep,2026-06-15 20:16:00,2026-06-15,NA
doi:10.1016/j.wasec.2022.100132,10.1016/j.wasec.2022.100132,keep,2026-06-15 20:16:20,2026-06-15,NA
doi:10.1016/j.watres.2013.02.013,10.1016/j.watres.2013.02.013,keep,2026-06-15 20:16:38,2026-06-15,NA
doi:10.1016/j.watres.2025.124673,10.1016/j.watres.2025.124673,keep,2026-06-15 20:16:49,2026-06-15,NA
doi:10.1016/j.yqres.2014.12.007,10.1016/j.yqres.2014.12.007,keep,2026-06-15 20:17:06,2026-06-15,NA
doi:10.1017/cmn.2024.42,10.1017/cmn.2024.42,keep,2026-06-15 20:17:20,2026-06-15,NA
doi:10.1021/acs.est.1c02837,10.1021/acs.est.1c02837,keep,2026-06-15 20:17:41,2026-06-15,NA
doi:10.1021/acsearthspacechem.9b00203,10.1021/acsearthspacechem.9b00203,drop,2026-06-15 20:17:57,2026-06-15,NA
doi:10.1021/bk-2012-1111.ch022,10.1021/bk-2012-1111.ch022,unsure,2026-06-15 20:18:32,2026-06-15,NA
doi:10.1029/2020ea001129,10.1029/2020EA001129,keep,2026-06-15 20:19:09,2026-06-15,NA
doi:10.1029/2021wr029954,10.1029/2021WR029954,keep,2026-06-15 20:19:27,2026-06-15,NA
doi:10.1029/2022jd037360,10.1029/2022JD037360,keep,2026-06-15 20:19:50,2026-06-15,NA
doi:10.1029/2022wr033433,10.1029/2022WR033433,keep,2026-06-15 20:20:07,2026-06-15,NA
doi:10.1029/2023wr036649,10.1029/2023WR036649,keep,2026-06-15 20:20:23,2026-06-15,NA
doi:10.1029/2024gl110326,10.1029/2024GL110326,keep,2026-06-15 20:20:47,2026-06-15,NA
doi:10.1029/2025ea004382,10.1029/2025EA004382,drop,2026-06-15 20:21:03,2026-06-15,NA
doi:10.1038/s41467-026-69286-3,10.1038/s41467-026-69286-3,keep,2026-06-15 20:21:23,2026-06-15,NA
doi:10.1038/s41586-023-06959-9,10.1038/s41586-023-06959-9,keep,2026-06-15 20:21:44,2026-06-15,NA
doi:10.1038/s41598-020-80517-5,10.1038/s41598-020-80517-5,keep,2026-06-15 20:22:05,2026-06-15,NA
doi:10.1038/s41598-024-72231-3,10.1038/s41598-024-72231-3,drop,2026-06-15 20:22:46,2026-06-15,NA
doi:10.1038/s41598-025-15932-7,10.1038/s41598-025-15932-7,keep,2026-06-15 20:23:01,2026-06-15,NA
doi:10.1061/(asce)gt.1943-5606.0002663,10.1061/(ASCE)GT.1943-5606.0002663,keep,2026-06-15 20:23:19,2026-06-15,NA
doi:10.1061/(asce)hy.1943-7900.0001982,10.1061/(ASCE)HY.1943-7900.0001982,keep,2026-06-15 20:23:33,2026-06-15,NA
doi:10.1061/(asce)wr.1943-5452.0000402,10.1061/(ASCE)WR.1943-5452.0000402,keep,2026-06-15 20:23:45,2026-06-15,NA
doi:10.1061/jidedh.ireng-10491,10.1061/JIDEDH.IRENG-10491,keep,2026-06-15 20:24:19,2026-06-15,NA
doi:10.1071/mf15285,10.1071/MF15285,keep,2026-06-15 20:24:43,2026-06-15,NA
doi:10.1071/wr19028,10.1071/WR19028,keep,2026-06-15 20:24:59,2026-06-15,NA
doi:10.1073/pnas.2426011122,10.1073/pnas.2426011122,keep,2026-06-15 20:26:08,2026-06-15,NA
doi:10.1080/00028487.2012.717521,10.1080/00028487.2012.717521,keep,2026-06-15 20:26:21,2026-06-15,NA
doi:10.1080/00028487.2015.1114521,10.1080/00028487.2015.1114521,keep,2026-06-15 20:26:41,2026-06-15,NA
doi:10.1080/00028487.2016.1152299,10.1080/00028487.2016.1152299,keep,2026-06-15 20:33:08,2026-06-15,NA
doi:10.1080/01431161.2018.1465613,10.1080/01431161.2018.1465613,keep,2026-06-15 20:33:31,2026-06-15,NA
doi:10.1080/01431161.2018.1512769,10.1080/01431161.2018.1512769,keep,2026-06-15 20:33:50,2026-06-15,NA
doi:10.1080/02626667.2016.1161765,10.1080/02626667.2016.1161765,keep,2026-06-15 20:34:01,2026-06-15,NA
doi:10.1080/02626667.2024.2364714,10.1080/02626667.2024.2364714,keep,2026-06-15 20:34:16,2026-06-15,NA
doi:10.1080/02755947.2014.951804,10.1080/02755947.2014.951804,keep,2026-06-15 20:34:29,2026-06-15,NA
doi:10.1080/02755947.2015.1111276,10.1080/02755947.2015.1111276,keep,2026-06-15 20:34:49,2026-06-15,NA
doi:10.1080/02755947.2017.1290720,10.1080/02755947.2017.1290720,keep,2026-06-15 20:35:13,2026-06-15,NA
doi:10.1080/02755947.2017.1350223,10.1080/02755947.2017.1350223,keep,2026-06-15 20:35:26,2026-06-15,NA
doi:10.1080/09593330.2021.1916092,10.1080/09593330.2021.1916092,keep,2026-06-15 20:35:43,2026-06-15,NA
doi:10.1080/10934529.2019.1672458,10.1080/10934529.2019.1672458,keep,2026-06-15 20:36:07,2026-06-15,NA
doi:10.1080/2150704x.2017.1322732,10.1080/2150704X.2017.1322732,keep,2026-06-15 20:37:03,2026-06-15,NA
doi:10.1093/conphys/coaa098,10.1093/conphys/coaa098,keep,2026-06-15 20:37:29,2026-06-15,NA
doi:10.1093/conphys/coab102,10.1093/conphys/coab102,keep,2026-06-15 20:37:48,2026-06-15,NA
doi:10.1093/conphys/coae088,10.1093/conphys/coae088,keep,2026-06-15 20:38:31,2026-06-15,NA
doi:10.1093/conphys/coy076,10.1093/conphys/coy076,keep,2026-06-15 20:38:51,2026-06-15,NA
doi:10.1093/conphys/coy078,10.1093/conphys/coy078,keep,2026-06-15 20:39:06,2026-06-15,NA
doi:10.1093/conphys/coz035,10.1093/conphys/coz035,keep,2026-06-15 20:39:29,2026-06-15,NA
doi:10.1093/jhered/esy035,10.1093/jhered/esy035,keep,2026-06-15 20:39:49,2026-06-15,NA
doi:10.1093/najfmt/vqaf004,10.1093/najfmt/vqaf004,keep,2026-06-15 20:41:39,2026-06-15,NA
doi:10.1093/plankt/fbz064,10.1093/plankt/fbz064,keep,2026-06-15 20:41:55,2026-06-15,NA
doi:10.1109/jstars.2012.2214474,10.1109/JSTARS.2012.2214474,keep,2026-06-15 20:42:34,2026-06-15,NA
doi:10.1111/1365-2664.13845,10.1111/1365-2664.13845,keep,2026-06-15 20:43:35,2026-06-15,NA
doi:10.1111/1462-2920.16241,10.1111/1462-2920.16241,keep,2026-06-15 20:44:02,2026-06-15,NA
doi:10.1111/1752-1688.12917,10.1111/1752-1688.12917,keep,2026-06-15 20:44:38,2026-06-15,NA
doi:10.1111/1752-1688.12942,10.1111/1752-1688.12942,keep,2026-06-15 20:44:51,2026-06-15,NA
doi:10.1111/1752-1688.13141,10.1111/1752-1688.13141,keep,2026-06-15 20:45:06,2026-06-15,NA
doi:10.1111/1752-1688.13186,10.1111/1752-1688.13186,keep,2026-06-15 20:45:25,2026-06-15,NA
doi:10.1111/1755-0998.12305,10.1111/1755-0998.12305,keep,2026-06-15 20:45:40,2026-06-15,NA
doi:10.1111/1755-0998.13186,10.1111/1755-0998.13186,keep,2026-06-15 20:45:58,2026-06-15,NA
doi:10.1111/2041-210x.14160,10.1111/2041-210X.14160,keep,2026-06-15 20:46:25,2026-06-15,NA
doi:10.1111/csp2.497,10.1111/csp2.497,keep,2026-06-15 20:46:48,2026-06-15,NA
doi:10.1111/eff.12095,10.1111/eff.12095,keep,2026-06-15 20:47:02,2026-06-15,NA
doi:10.1111/eff.12372,10.1111/eff.12372,keep,2026-06-15 20:47:22,2026-06-15,NA
doi:10.1111/eva.12095,10.1111/eva.12095,keep,2026-06-15 20:47:50,2026-06-15,NA
doi:10.1111/eva.70220,10.1111/eva.70220,keep,2026-06-15 20:48:11,2026-06-15,NA
doi:10.1111/fme.12257,10.1111/fme.12257,keep,2026-06-15 20:48:24,2026-06-15,NA
doi:10.1111/fwb.13403,10.1111/fwb.13403,keep,2026-06-15 20:48:46,2026-06-15,NA
doi:10.1111/gbi.12391,10.1111/gbi.12391,drop,2026-06-15 20:49:02,2026-06-15,NA
doi:10.1111/gbi.12444,10.1111/gbi.12444,drop,2026-06-15 20:49:20,2026-06-15,NA
doi:10.1111/geb.13648,10.1111/geb.13648,keep,2026-06-15 20:49:59,2026-06-15,NA
doi:10.1111/gwat.70035,10.1111/gwat.70035,keep,2026-06-15 20:50:20,2026-06-15,NA
doi:10.1111/j.1745-6584.2011.00838.x,10.1111/j.1745-6584.2011.00838.x,keep,2026-06-15 20:50:36,2026-06-15,NA
doi:10.1111/jfb.14143,10.1111/jfb.14143,keep,2026-06-15 20:50:57,2026-06-15,NA
doi:10.1111/jfr3.12809,10.1111/jfr3.12809,keep,2026-06-15 20:51:26,2026-06-15,NA
doi:10.1111/mec.17449,10.1111/mec.17449,keep,2026-06-15 20:51:46,2026-06-15,NA
doi:10.1111/rec.70453,10.1111/rec.70453,keep,2026-06-15 20:52:04,2026-06-15,NA
doi:10.1117/1.jrs.8.083685,10.1117/1.JRS.8.083685,keep,2026-06-15 20:52:52,2026-06-15,NA
doi:10.1126/sciadv.1700525,10.1126/sciadv.1700525,drop,2026-06-15 20:53:33,2026-06-15,NA
doi:10.1126/sciadv.1700581,10.1126/sciadv.1700581,keep,2026-06-15 20:53:48,2026-06-15,NA
doi:10.1128/aem.01760-23,10.1128/aem.01760-23,keep,2026-06-15 20:54:17,2026-06-15,NA
doi:10.1139/cgj-2018-0864,10.1139/cgj-2018-0864,keep,2026-06-15 20:54:30,2026-06-15,NA
doi:10.1139/cjfas-2014-0433,10.1139/cjfas-2014-0433,drop,2026-06-15 20:54:59,2026-06-15,NA
doi:10.1139/cjfas-2024-0139,10.1139/cjfas-2024-0139,keep,2026-06-15 20:55:16,2026-06-15,NA
doi:10.1139/cjfas-2024-0390,10.1139/cjfas-2024-0390,keep,2026-06-15 20:55:36,2026-06-15,NA
doi:10.1175/bams-d-20-0224.1,10.1175/BAMS-D-20-0224.1,keep,2026-06-15 20:56:42,2026-06-15,NA
doi:10.1175/bams-d-21-0121.1,10.1175/BAMS-D-21-0121.1,keep,2026-06-15 20:56:59,2026-06-15,NA
doi:10.1175/bams-d-22-0208.1,10.1175/BAMS-D-22-0208.1,keep,2026-06-15 20:57:40,2026-06-15,NA
doi:10.1175/jhm-d-15-0232.1,10.1175/JHM-D-15-0232.1,keep,2026-06-15 20:57:54,2026-06-15,NA
doi:10.1175/jhm-d-18-0027.1,10.1175/JHM-D-18-0027.1,keep,2026-06-15 20:58:11,2026-06-15,NA
doi:10.1175/jhm-d-20-0028.1,10.1175/JHM-D-20-0028.1,keep,2026-06-15 20:58:29,2026-06-15,NA
doi:10.1175/jhm-d-25-0012.1,10.1175/JHM-D-25-0012.1,keep,2026-06-15 20:58:59,2026-06-15,NA
doi:10.1175/jtech-d-12-00217.1,10.1175/JTECH-D-12-00217.1,keep,2026-06-15 21:00:48,2026-06-15,NA
doi:10.1186/s12864-021-07592-4,10.1186/s12864-021-07592-4,keep,2026-06-15 21:01:01,2026-06-15,NA
doi:10.1186/s13568-019-0807-4,10.1186/s13568-019-0807-4,keep,2026-06-15 21:01:18,2026-06-15,NA
doi:10.1186/s40064-015-1068-6,10.1186/s40064-015-1068-6,keep,2026-06-15 21:01:37,2026-06-15,NA
doi:10.1186/s40317-025-00421-5,10.1186/s40317-025-00421-5,keep,2026-06-15 21:01:55,2026-06-15,NA
doi:10.1186/s40462-019-0146-8,10.1186/s40462-019-0146-8,keep,2026-06-15 21:02:14,2026-06-15,NA
doi:10.1193/071114eqs100r,10.1193/071114EQS100R,keep,2026-06-15 21:02:34,2026-06-15,NA
doi:10.1242/jeb.134528,10.1242/jeb.134528,keep,2026-06-15 21:02:53,2026-06-15,NA
doi:10.1371/journal.pone.0067829,10.1371/journal.pone.0067829,keep,2026-06-15 21:03:16,2026-06-15,NA
doi:10.1371/journal.pone.0170683,10.1371/journal.pone.0170683,keep,2026-06-15 21:03:28,2026-06-15,NA
doi:10.1371/journal.pone.0208084,10.1371/journal.pone.0208084,keep,2026-06-15 21:03:41,2026-06-15,NA
doi:10.1371/journal.pone.0216019,10.1371/journal.pone.0216019,keep,2026-06-15 21:03:53,2026-06-15,NA
doi:10.1371/journal.pone.0227333,10.1371/journal.pone.0227333,drop,2026-06-15 21:04:19,2026-06-15,NA
doi:10.1371/journal.pone.0234673,10.1371/journal.pone.0234673,keep,2026-06-15 21:04:41,2026-06-15,NA
doi:10.1371/journal.pone.0265402,10.1371/journal.pone.0265402,keep,2026-06-15 21:05:03,2026-06-15,NA
doi:10.1371/journal.pone.0286027,10.1371/journal.pone.0286027,keep,2026-06-15 21:05:45,2026-06-15,NA
doi:10.15447//sfews.2020v18iss3art1,10.15447//SFEWS.2020V18ISS3ART1,keep,2026-06-15 21:05:56,2026-06-15,NA
doi:10.15447/sfews.2016v14iss3art5,10.15447/SFEWS.2016V14ISS3ART5,keep,2026-06-15 21:06:13,2026-06-15,NA
doi:10.15447/sfews.2016v14iss4/art2,10.15447/SFEWS.2016V14ISS4/ART2,keep,2026-06-15 21:06:30,2026-06-15,NA
doi:10.15447/sfews.2020v18iss1art3,10.15447/SFEWS.2020V18ISS1ART3,keep,2026-06-15 21:06:46,2026-06-15,NA
doi:10.15447/sfews.2020v18iss3art4,10.15447/SFEWS.2020V18ISS3ART4,keep,2026-06-15 21:06:58,2026-06-15,NA
doi:10.15447/sfews.2021v19iss2art3,10.15447/SFEWS.2021V19ISS2ART3,keep,2026-06-15 21:07:18,2026-06-15,NA
doi:10.15447/sfews.2021v19iss3art1,10.15447/SFEWS.2021V19ISS3ART1,keep,2026-06-15 21:07:30,2026-06-15,NA
doi:10.15447/sfews.2021v19iss3art3,10.15447/SFEWS.2021V19ISS3ART3,keep,2026-06-15 21:07:45,2026-06-15,NA
doi:10.15447/sfews.2023v21iss3art1,10.15447/SFEWS.2023V21ISS3ART1,keep,2026-06-15 21:08:06,2026-06-15,NA
doi:10.15447/sfews.2025v23iss1art3,10.15447/SFEWS.2025V23ISS1ART3,keep,2026-06-15 21:08:20,2026-06-15,NA
doi:10.15447/sfews.2025v23iss1art4,10.15447/SFEWS.2025V23ISS1ART4,keep,2026-06-15 21:08:37,2026-06-15,NA
doi:10.15447/sfews.2013v11iss1art3,10.15447/sfews.2013v11iss1art3,keep,2026-06-15 21:08:51,2026-06-15,NA
doi:10.15447/sfews.2013v11iss2art4,10.15447/sfews.2013v11iss2art4,keep,2026-06-15 21:09:09,2026-06-15,NA
doi:10.15447/sfews.2013v11iss3art5,10.15447/sfews.2013v11iss3art5,keep,2026-06-15 21:09:36,2026-06-15,NA
doi:10.15447/sfews.2014v12iss1art1,10.15447/sfews.2014v12iss1art1,keep,2026-06-15 21:10:04,2026-06-15,NA
doi:10.15447/sfews.2014v12iss1art4,10.15447/sfews.2014v12iss1art4,keep,2026-06-15 21:10:27,2026-06-15,NA
doi:10.15447/sfews.2014v12iss4art3,10.15447/sfews.2014v12iss4art3,keep,2026-06-15 21:10:45,2026-06-15,NA
doi:10.15447/sfews.2015v13iss2art2,10.15447/sfews.2015v13iss2art2,keep,2026-06-15 21:10:57,2026-06-15,NA
doi:10.15447/sfews.2015v13iss4art3,10.15447/sfews.2015v13iss4art3,keep,2026-06-15 21:12:08,2026-06-15,NA
doi:10.15447/sfews.2015v13iss4art4,10.15447/sfews.2015v13iss4art4,keep,2026-06-15 21:12:54,2026-06-15,NA
doi:10.15447/sfews.2016v14iss1art2,10.15447/sfews.2016v14iss1art2,keep,2026-06-15 21:13:22,2026-06-15,NA
doi:10.15447/sfews.2016v14iss2art5,10.15447/sfews.2016v14iss2art5,keep,2026-06-15 21:14:39,2026-06-15,NA
doi:10.15447/sfews.2016v14iss3art4,10.15447/sfews.2016v14iss3art4,keep,2026-06-15 21:15:01,2026-06-15,NA
doi:10.15447/sfews.2016v14iss4art2,10.15447/sfews.2016v14iss4art2,keep,2026-06-15 21:15:20,2026-06-15,NA
doi:10.15447/sfews.2017v15iss1art5,10.15447/sfews.2017v15iss1art5,keep,2026-06-15 21:15:38,2026-06-15,NA
doi:10.15447/sfews.2017v15iss1art8,10.15447/sfews.2017v15iss1art8,keep,2026-06-15 21:16:04,2026-06-15,NA
doi:10.15447/sfews.2017v15iss3art1,10.15447/sfews.2017v15iss3art1,keep,2026-06-15 21:16:28,2026-06-15,NA
doi:10.15447/sfews.2018v16iss1/art3,10.15447/sfews.2018v16iss1/art3,keep,2026-06-15 21:16:42,2026-06-15,NA
doi:10.15447/sfews.2018v16iss2art3,10.15447/sfews.2018v16iss2art3,keep,2026-06-15 21:16:58,2026-06-15,NA
doi:10.15447/sfews.2018v16iss2art4,10.15447/sfews.2018v16iss2art4,keep,2026-06-15 21:17:24,2026-06-15,NA
doi:10.15447/sfews.2018v16iss2art5,10.15447/sfews.2018v16iss2art5,keep,2026-06-15 21:17:40,2026-06-15,NA
doi:10.15447/sfews.2018v16iss3art3,10.15447/sfews.2018v16iss3art3,keep,2026-06-15 21:18:06,2026-06-15,NA
doi:10.15447/sfews.2019v17iss2art1,10.15447/sfews.2019v17iss2art1,keep,2026-06-15 21:18:22,2026-06-15,NA
doi:10.15447/sfews.2019v17iss2art4,10.15447/sfews.2019v17iss2art4,drop,2026-06-15 21:19:08,2026-06-15,NA
doi:10.15447/sfews.2020v18iss2art1,10.15447/sfews.2020v18iss2art1,keep,2026-06-15 21:19:30,2026-06-15,NA
doi:10.15447/sfews.2021v19iss1art2,10.15447/sfews.2021v19iss1art2,keep,2026-06-15 21:19:47,2026-06-15,NA
doi:10.15447/sfews.2021v19iss1art3,10.15447/sfews.2021v19iss1art3,keep,2026-06-15 21:20:07,2026-06-15,NA
doi:10.15447/sfews.2021v19iss1art5,10.15447/sfews.2021v19iss1art5,drop,2026-06-15 21:20:21,2026-06-15,NA
doi:10.15447/sfews.2021v19iss4art3,10.15447/sfews.2021v19iss4art3,keep,2026-06-15 21:20:36,2026-06-15,NA
doi:10.15447/sfews.2021v19iss4art4,10.15447/sfews.2021v19iss4art4,keep,2026-06-15 21:20:58,2026-06-15,NA
doi:10.15447/sfews.2022v20iss1art4,10.15447/sfews.2022v20iss1art4,keep,2026-06-15 21:21:15,2026-06-15,NA
doi:10.15447/sfews.2022v20iss2art1,10.15447/sfews.2022v20iss2art1,keep,2026-06-15 21:21:37,2026-06-15,NA
doi:10.15447/sfews.2022v20iss2art2,10.15447/sfews.2022v20iss2art2,keep,2026-06-15 21:22:44,2026-06-15,NA
doi:10.15447/sfews.2022v20iss3art1,10.15447/sfews.2022v20iss3art1,keep,2026-06-15 21:23:38,2026-06-15,NA
doi:10.15447/sfews.2022v20iss3art2,10.15447/sfews.2022v20iss3art2,keep,2026-06-15 21:24:31,2026-06-15,NA
doi:10.15447/sfews.2022v20iss3art3,10.15447/sfews.2022v20iss3art3,keep,2026-06-15 21:24:48,2026-06-15,NA
doi:10.15447/sfews.2023v20iss4art1,10.15447/sfews.2023v20iss4art1,drop,2026-06-15 21:25:08,2026-06-15,NA
doi:10.15447/sfews.2023v20iss4art4,10.15447/sfews.2023v20iss4art4,keep,2026-06-15 21:25:32,2026-06-15,NA
doi:10.15447/sfews.2023v21iss1art1,10.15447/sfews.2023v21iss1art1,keep,2026-06-15 21:25:47,2026-06-15,NA
doi:10.15447/sfews.2023v21iss2art1,10.15447/sfews.2023v21iss2art1,keep,2026-06-15 21:25:59,2026-06-15,NA
doi:10.15447/sfews.2024v22iss1art1,10.15447/sfews.2024v22iss1art1,keep,2026-06-15 21:26:13,2026-06-15,NA
doi:10.15447/sfews.2024v22iss1art2,10.15447/sfews.2024v22iss1art2,keep,2026-06-15 21:26:31,2026-06-15,NA
doi:10.15447/sfews.2024v22iss1art3,10.15447/sfews.2024v22iss1art3,keep,2026-06-15 21:26:49,2026-06-15,NA
doi:10.15447/sfews.2024v22iss1art5,10.15447/sfews.2024v22iss1art5,keep,2026-06-15 21:27:07,2026-06-15,NA
doi:10.15447/sfews.2024v22iss2art2,10.15447/sfews.2024v22iss2art2,keep,2026-06-15 21:27:20,2026-06-15,NA
doi:10.15447/sfews.2025v23iss2art3,10.15447/sfews.2025v23iss2art3,keep,2026-06-15 21:27:47,2026-06-15,NA
doi:10.15447/sfews.2025v23iss2art4,10.15447/sfews.2025v23iss2art4,keep,2026-06-15 21:28:01,2026-06-15,NA
doi:10.15447/sfews.2025v23iss3art3,10.15447/sfews.2025v23iss3art3,keep,2026-06-15 21:28:25,2026-06-15,NA
doi:10.15447/sfews.2025v23iss4art4,10.15447/sfews.2025v23iss4art4,keep,2026-06-15 21:29:11,2026-06-15,NA
doi:10.15447/sfews.2025v23iss4art5,10.15447/sfews.2025v23iss4art5,keep,2026-06-15 21:29:36,2026-06-15,NA
doi:10.1675/063.040.0306,10.1675/063.040.0306,drop,2026-06-15 21:30:05,2026-06-15,NA
doi:10.1675/063.041.0402,10.1675/063.041.0402,drop,2026-06-15 21:30:24,2026-06-15,NA
doi:10.1785/0120120169,10.1785/0120120169,keep,2026-06-15 21:30:41,2026-06-15,NA
doi:10.2140/camcos.2015.10.83,10.2140/camcos.2015.10.83,keep,2026-06-15 21:30:58,2026-06-15,NA
doi:10.2166/hydro.2023.158,10.2166/hydro.2023.158,keep,2026-06-15 21:31:30,2026-06-15,NA
doi:10.2166/wcc.2018.241,10.2166/wcc.2018.241,keep,2026-06-15 21:32:16,2026-06-15,NA
doi:10.21663/eeg-d-24-00032,10.21663/EEG-D-24-00032,drop,2026-06-15 21:32:46,2026-06-15,NA
doi:10.2989/1814232x.2025.2526117,10.2989/1814232X.2025.2526117,keep,2026-06-15 21:33:10,2026-06-15,NA
doi:10.3133/ofr20221101,10.3133/ofr20221101,drop,2026-06-15 21:33:17,2026-06-15,NA
doi:10.3133/ofr20221102,10.3133/ofr20221102,drop,2026-06-15 21:33:22,2026-06-15,NA
doi:10.3133/ofr20251055,10.3133/ofr20251055,drop,2026-06-15 21:33:24,2026-06-15,NA
doi:10.3133/sir20255035,10.3133/sir20255035,drop,2026-06-15 21:33:28,2026-06-15,NA
doi:10.3133/tm1d11,10.3133/tm1D11,drop,2026-06-15 21:33:35,2026-06-15,NA
doi:10.3319/tao.2012.04.17.02(wmh),10.3319/TAO.2012.04.17.02(WMH),keep,2026-06-15 21:33:59,2026-06-15,NA
doi:10.3354/ame01876,10.3354/ame01876,keep,2026-06-15 21:34:46,2026-06-15,NA
doi:10.3354/meps14168,10.3354/meps14168,keep,2026-06-15 21:35:38,2026-06-15,NA
doi:10.3368/er.32.3.239,10.3368/er.32.3.239,keep,2026-06-15 21:36:30,2026-06-15,NA
doi:10.3389/fclim.2021.761444,10.3389/fclim.2021.761444,keep,2026-06-15 21:36:32,2026-06-15,NA
doi:10.3389/fenvs.2019.00022,10.3389/fenvs.2019.00022,keep,2026-06-15 21:37:12,2026-06-15,NA
doi:10.3389/fenvs.2021.778568,10.3389/fenvs.2021.778568,keep,2026-06-15 21:37:43,2026-06-15,NA
doi:10.3389/fevo.2023.703946,10.3389/fevo.2023.703946,keep,2026-06-15 21:38:10,2026-06-15,NA
doi:10.3389/fmars.2019.00803,10.3389/fmars.2019.00803,keep,2026-06-15 21:38:31,2026-06-15,NA
doi:10.3389/fmars.2022.933405,10.3389/fmars.2022.933405,keep,2026-06-15 21:38:53,2026-06-15,NA
doi:10.3389/frsen.2025.1519420,10.3389/frsen.2025.1519420,keep,2026-06-15 21:39:10,2026-06-15,NA
doi:10.3389/frwa.2023.1188321,10.3389/frwa.2023.1188321,keep,2026-06-15 21:39:27,2026-06-15,NA
doi:10.3389/frwa.2024.1445722,10.3389/frwa.2024.1445722,keep,2026-06-15 21:39:41,2026-06-15,NA
doi:10.3389/frwa.2025.1510413,10.3389/frwa.2025.1510413,keep,2026-06-15 21:41:03,2026-06-15,NA
doi:10.3389/frwa.2025.1554774,10.3389/frwa.2025.1554774,keep,2026-06-15 21:41:25,2026-06-15,NA
doi:10.3390/agriculture9040076,10.3390/agriculture9040076,keep,2026-06-15 21:42:14,2026-06-15,NA
doi:10.3390/cli10020016,10.3390/cli10020016,keep,2026-06-15 21:42:23,2026-06-15,NA
doi:10.3390/cli6020031,10.3390/cli6020031,keep,2026-06-15 21:42:35,2026-06-15,NA
doi:10.3390/cli9020026,10.3390/cli9020026,keep,2026-06-15 21:42:45,2026-06-15,NA
doi:10.3390/fishes10060261,10.3390/fishes10060261,keep,2026-06-15 21:42:58,2026-06-15,NA
doi:10.3390/fluids5040199,10.3390/fluids5040199,keep,2026-06-15 21:43:08,2026-06-15,NA
doi:10.3390/forecast6040055,10.3390/forecast6040055,keep,2026-06-15 21:43:17,2026-06-15,NA
doi:10.3390/hydrology10110212,10.3390/hydrology10110212,keep,2026-06-15 21:43:28,2026-06-15,NA
doi:10.3390/hydrology12020022,10.3390/hydrology12020022,keep,2026-06-15 21:43:38,2026-06-15,NA
doi:10.3390/hydrology12030042,10.3390/hydrology12030042,keep,2026-06-15 21:43:45,2026-06-15,NA
doi:10.3390/hydrology12030059,10.3390/hydrology12030059,keep,2026-06-15 21:43:57,2026-06-15,NA
doi:10.3390/hydrology3020014,10.3390/hydrology3020014,keep,2026-06-15 21:44:05,2026-06-15,NA
doi:10.3390/hydrology3040035,10.3390/hydrology3040035,keep,2026-06-15 21:44:29,2026-06-15,NA
doi:10.3390/hydrology5010001,10.3390/hydrology5010001,keep,2026-06-15 21:44:42,2026-06-15,NA
doi:10.3390/land12020382,10.3390/land12020382,keep,2026-06-15 21:46:17,2026-06-15,NA
doi:10.3390/min9070434,10.3390/min9070434,keep,2026-06-15 21:46:44,2026-06-15,NA
doi:10.3390/toxins12030178,10.3390/toxins12030178,keep,2026-06-15 21:46:54,2026-06-15,NA
doi:10.3390/w11081651,10.3390/w11081651,keep,2026-06-15 21:47:19,2026-06-15,NA
doi:10.3390/w12082253,10.3390/w12082253,keep,2026-06-15 21:47:34,2026-06-15,NA
doi:10.3390/w13030312,10.3390/w13030312,keep,2026-06-15 21:47:56,2026-06-15,NA
doi:10.3390/w14132030,10.3390/w14132030,keep,2026-06-15 21:48:19,2026-06-15,NA
doi:10.3390/w14223628,10.3390/w14223628,keep,2026-06-15 21:48:43,2026-06-15,NA
doi:10.3390/w15132320,10.3390/w15132320,keep,2026-06-15 21:49:01,2026-06-15,NA
doi:10.3390/w15132482,10.3390/w15132482,keep,2026-06-15 21:49:24,2026-06-15,NA
doi:10.3390/w16172529,10.3390/w16172529,keep,2026-06-15 21:49:48,2026-06-15,NA
doi:10.3390/w17101511,10.3390/w17101511,keep,2026-06-15 21:49:56,2026-06-15,NA
doi:10.3390/w8120592,10.3390/w8120592,keep,2026-06-15 21:50:08,2026-06-15,NA
doi:10.3390/w9020126,10.3390/w9020126,keep,2026-06-15 21:50:15,2026-06-15,NA
doi:10.3391/mbi.2014.5.3.04,10.3391/mbi.2014.5.3.04,keep,2026-06-15 21:51:11,2026-06-15,NA
doi:10.51492/cfwj.109.9,10.51492/cfwj.109.9,keep,2026-06-15 21:51:57,2026-06-15,NA
doi:10.51492/cfwj.hwisi.12,10.51492/cfwj.hwisi.12,keep,2026-06-15 21:52:11,2026-06-15,NA
doi:10.5194/gmd-18-8157-2025,10.5194/gmd-18-8157-2025,keep,2026-06-15 21:52:33,2026-06-15,NA
doi:10.5194/hess-24-5317-2020,10.5194/hess-24-5317-2020,keep,2026-06-15 21:53:02,2026-06-15,NA
doi:10.5194/hess-30-1719-2026,10.5194/hess-30-1719-2026,keep,2026-06-15 21:53:13,2026-06-15,NA
doi:10.5751/es-10980-240228,10.5751/ES-10980-240228,keep,2026-06-15 21:53:25,2026-06-15,NA
doi:10.7717/peerj.16453,10.7717/peerj.16453,keep,2026-06-15 21:53:47,2026-06-15,NA
